Date,Name,Year,Letterboxd URI,Rating,Rewatch,Tags,Watched Date
2024-02-28,Drive-Away Dolls,2024,https://boxd.it/5VMjAL,3,,,2024-02-27
2024-02-28,The Boy and the Heron,2023,https://boxd.it/5VMlV7,4,,,2024-02-27
2024-02-28,Bottoms,2023,https://boxd.it/5VMDWx,4.5,,,2024-02-27
2024-02-28,The Holdovers,2023,https://boxd.it/5VMILJ,3.5,,,2024-02-27
2024-02-28,Saltburn,2023,https://boxd.it/5VMJWD,4,,,2024-02-27
2024-02-28,John Wick: Chapter 4,2023,https://boxd.it/5VQiVr,4,,,2024-02-27
2024-02-28,Ant-Man and the Wasp: Quantumania,2023,https://boxd.it/5VQk3r,,,,2024-02-27
2024-02-28,Dungeons & Dragons: Honor Among Thieves,2023,https://boxd.it/5VQnYl,4,,,2024-02-27
2024-02-28,Mission: Impossible â€“ Dead Reckoning,2023,https://boxd.it/5VQqTj,3,,,2024-02-27
2024-02-28,Indiana Jones and the Dial of Destiny,2023,https://boxd.it/5VQsx5,1,,,2024-02-27
2024-02-28,Napoleon,2023,https://boxd.it/5VQuUv,3.5,,,2024-02-27
2024-02-28,Dream Scenario,2023,https://boxd.it/5VQwhl,5,,,2024-02-27
2024-02-28,Theater Camp,2023,https://boxd.it/5VQxxJ,5,,,2024-02-27
2024-02-28,No One Will Save You,2023,https://boxd.it/5VQyBx,1,,,2024-02-27
2025-09-10,Eddington,2025,https://boxd.it/b1lgFj,5,,,2025-09-09
